id,speaker,source_url,said_on,quote,subject,asset,direction,target,deadline,confidence,verified,sample
r001,Sample Pundit A,https://example.com/sample,2025-12-20,SMPL2 will hit $97 by May 2026.,SMPL2,SMPL2,above,97,2026-05-19,,yes,yes
r002,Sample Pundit A,https://example.com/sample,2025-10-31,SMPL1 will hit $152 by January 2026.,SMPL1,SMPL1,above,152,2026-01-29,,yes,yes
r003,Sample Pundit A,https://example.com/sample,2025-10-26,SMPL2 will hit $112 by March 2026.,SMPL2,SMPL2,above,112,2026-03-25,,yes,yes
r004,Sample Pundit A,https://example.com/sample,2025-11-11,SMPL2 will hit $92 by July 2026.,SMPL2,SMPL2,above,92,2026-07-09,,yes,yes
r005,Sample Pundit A,https://example.com/sample,2025-06-12,SMPL2 will hit $76 by November 2025.,SMPL2,SMPL2,above,76,2025-11-09,,yes,yes
r006,Sample Pundit A,https://example.com/sample,2025-12-27,SMPL2 will hit $80 by May 2026.,SMPL2,SMPL2,above,80,2026-05-26,,yes,yes
r007,Sample Pundit A,https://example.com/sample,2025-07-05,SMPL2 will hit $97 by December 2025.,SMPL2,SMPL2,above,97,2025-12-02,,yes,yes
r008,Sample Pundit A,https://example.com/sample,2025-07-18,SMPL1 will hit $150 by March 2026.,SMPL1,SMPL1,above,150,2026-03-15,,yes,yes
r009,Sample Pundit A,https://example.com/sample,2025-05-08,SMPL2 will hit $76 by January 2026.,SMPL2,SMPL2,above,76,2026-01-03,,yes,yes
r010,Sample Pundit A,https://example.com/sample,2025-04-26,SMPL1 will hit $117 by July 2025.,SMPL1,SMPL1,above,117,2025-07-25,,yes,yes
r011,Sample Pundit A,https://example.com/sample,2025-04-17,SMPL1 will hit $135 by December 2025.,SMPL1,SMPL1,above,135,2025-12-13,,yes,yes
r012,Sample Pundit A,https://example.com/sample,2025-06-21,SMPL2 will hit $75 by November 2025.,SMPL2,SMPL2,above,75,2025-11-18,,yes,yes
r013,Sample Pundit B,https://example.com/sample,2025-06-24,SMPL1 will hit $230 by November 2025.,SMPL1,SMPL1,above,230,2025-11-21,,yes,yes
r014,Sample Pundit B,https://example.com/sample,2025-02-18,SMPL2 will hit $85 by May 2025.,SMPL2,SMPL2,above,85,2025-05-19,,yes,yes
r015,Sample Pundit B,https://example.com/sample,2025-05-25,SMPL2 will hit $110 by January 2026.,SMPL2,SMPL2,above,110,2026-01-20,,yes,yes
r016,Sample Pundit B,https://example.com/sample,2025-06-12,SMPL1 will hit $201 by July 2026.,SMPL1,SMPL1,above,201,2026-07-17,,yes,yes
r017,Sample Pundit B,https://example.com/sample,2025-09-09,SMPL1 will hit $305 by October 2026.,SMPL1,SMPL1,above,305,2026-10-14,,yes,yes
r018,Sample Pundit B,https://example.com/sample,2025-05-04,SMPL1 will hit $195 by August 2025.,SMPL1,SMPL1,above,195,2025-08-02,,yes,yes
r019,Sample Pundit B,https://example.com/sample,2025-06-14,SMPL2 will hit $120 by September 2025.,SMPL2,SMPL2,above,120,2025-09-12,,yes,yes
r020,Sample Pundit B,https://example.com/sample,2025-08-24,SMPL1 will hit $268 by January 2026.,SMPL1,SMPL1,above,268,2026-01-21,,yes,yes
r021,Sample Pundit B,https://example.com/sample,2025-10-06,SMPL2 will hit $132 by November 2026.,SMPL2,SMPL2,above,132,2026-11-10,,yes,yes
r022,Sample Pundit B,https://example.com/sample,2025-10-24,SMPL2 will hit $147 by March 2026.,SMPL2,SMPL2,above,147,2026-03-23,,yes,yes
r023,Sample Pundit B,https://example.com/sample,2025-02-06,SMPL2 will hit $86 by March 2026.,SMPL2,SMPL2,above,86,2026-03-13,,yes,yes
r024,Sample Pundit C,https://example.com/sample,2025-02-20,SMPL1 will hit $142 by October 2025.,SMPL1,SMPL1,above,142,2025-10-18,,yes,yes
r025,Sample Pundit C,https://example.com/sample,2025-05-14,SMPL1 will hit $151 by January 2026.,SMPL1,SMPL1,above,151,2026-01-09,,yes,yes
r026,Sample Pundit C,https://example.com/sample,2025-11-05,SMPL2 will hit $118 by April 2026.,SMPL2,SMPL2,above,118,2026-04-04,,yes,yes
r027,Sample Pundit C,https://example.com/sample,2025-12-25,SMPL1 will hit $246 by August 2026.,SMPL1,SMPL1,above,246,2026-08-22,,yes,yes
