candidate_id,speaker,claim_as_reported,asset,direction,target,deadline,said_on_approx,source_url,status,to_verify_before_publishing
c01,Michael Saylor,about $150000 by end of 2025 (citing analyst consensus),BTC,above,150000,2025-12-31,2025-10 (unconfirmed),https://finance.yahoo.com/news/michael-saylor-robert-kiyosaki-end-170031655.html,unverified,"Open the article; copy the exact sentence; confirm Saylor said it himself and the date; confirm it is a firm target not a hedge"
c02,Robert Kiyosaki,$200000 by year-end,BTC,above,200000,2025-12-31,2025-10 (unconfirmed),https://finance.yahoo.com/news/michael-saylor-robert-kiyosaki-end-170031655.html,unverified,"Exact quote and date; which year-end he meant"
c03,Standard Chartered (head of digital assets research),could reach $200000 by end of 2025 (April note),BTC,above,200000,2025-12-31,2025-04 (unconfirmed),https://www.financemagnates.com/trending/how-high-can-bitcoin-go-new-btc-price-predictions-point-to-200k-in-2025-and-1m-long-term/,unverified,"Exact wording; name of the analyst; whether the bank later revised it; confirm 'could' vs 'will'"
c04,VanEck,stick with $180K BTC price target by year-end (Aug 2025 ChainCheck),BTC,above,180000,2025-12-31,2025-08 (unconfirmed),(find VanEck Mid-August 2025 Bitcoin ChainCheck report),unverified,"Open the primary report; copy the exact sentence and date"
c05,Bitwise,fair value could reach as high as $230000 by end of 2025,BTC,above,230000,2025-12-31,unknown,(find Bitwise primary source),unverified,"Find primary source and date; 'fair value ... as high as' may be a range not a target"
c06,Samson Mow,$1 million by end of 2025,BTC,above,1000000,2025-12-31,unknown,(find primary source),unverified,"Find the original statement and date; check he did not set a different date"
c07,Chamath Palihapitiya,could reach $500000 by October 2025 (All-In podcast 2024-05-31),BTC,above,500000,2025-10-31,2024-05-31,(find All-In episode),unverified,"Hedged ('could'); decide if it counts as a prediction; get exact quote and timestamp from the episode you can watch"
c08,Bernstein,nearly $200000 by end of next year (from a July 2024 article),BTC,above,200000,2025-12-31,2024-07 (unconfirmed),https://www.swanbitcoin.com/economics/bitcoin-price-prediction/,unverified,"Primary Bernstein note; 'nearly $200,000' is not a clean threshold: decide wording or skip"
c09,Tom Lee (Fundstrat),$200000-$250000 range,BTC,above,200000,unknown,unknown,(find primary source),unverified,"Probably unscorable: range with no clear deadline; skip unless a dated statement is found"
c10,Peter Brandt,$120000 then revised up to $200000 cycle peak,BTC,above,200000,unknown,unknown,https://bitcoinmagazine.com/bitcoin-price-predictions,unverified,"Likely unscorable: cycle peak with no clear deadline; skip unless dated"
